result_id,trial_id,true_neg,false_neg,true_pos,false_pos,nu_val
1,1,15,20,3,12,0.1
2,1,20,20,3,7,0.2
3,1,11,15,8,16,0.3
4,1,20,9,14,7,0.4
5,1,9,3,20,18,0.5
6,2,14,23,5,8,0.1
7,2,7,3,25,15,0.2
8,2,18,26,2,4,0.3
9,2,4,6,22,18,0.4
10,2,6,3,25,16,0.5
11,3,15,7,17,11,0.1
12,3,11,1,23,15,0.2
13,3,9,1,23,17,0.3
14,3,11,4,20,15,0.4
15,3,18,3,21,8,0.5
16,4,17,5,15,13,0.1
17,4,8,16,4,22,0.2
18,4,18,6,14,12,0.3
19,4,1,2,18,29,0.4
20,4,22,6,14,8,0.5
21,5,18,18,6,8,0.1
22,5,5,3,21,21,0.2
23,5,21,13,11,5,0.3
24,5,14,7,17,12,0.4
25,5,17,10,14,9,0.5
26,6,10,12,11,17,0.1
27,6,17,12,11,10,0.2
28,6,0,5,18,27,0.3
29,6,8,10,13,19,0.4
30,6,8,9,14,19,0.5
31,7,14,12,14,10,0.1
32,7,5,10,16,19,0.2
33,7,14,18,8,10,0.3
34,7,8,14,12,16,0.4
35,7,6,7,19,18,0.5
36,8,9,0,19,22,0.1
37,8,26,9,10,5,0.2
38,8,12,2,17,19,0.3
39,8,13,8,11,18,0.4
40,8,12,1,18,19,0.5
41,9,19,7,18,6,0.1
42,9,21,12,13,4,0.2
43,9,15,3,22,10,0.3
44,9,11,6,19,14,0.4
45,9,11,12,13,14,0.5
46,10,16,10,12,12,0.1
47,10,23,8,14,5,0.2
48,10,8,4,18,20,0.3
49,10,9,7,15,19,0.4
50,10,15,8,14,13,0.5
51,11,15,20,3,12,0.1
52,11,7,4,19,20,0.2
53,11,9,1,22,18,0.3
54,11,23,23,0,4,0.4
55,11,10,4,19,17,0.5
56,12,9,12,20,9,0.1
57,12,6,6,26,12,0.2
58,12,7,18,14,11,0.3
59,12,11,13,19,7,0.4
60,12,8,19,13,10,0.5
61,13,22,8,13,7,0.1
62,13,15,14,7,14,0.2
63,13,0,4,17,29,0.3
64,13,7,10,11,22,0.4
65,13,20,7,14,9,0.5
66,14,11,0,20,19,0.1
67,14,19,4,16,11,0.2
68,14,23,10,10,7,0.3
69,14,14,2,18,16,0.4
70,14,15,2,18,15,0.5
71,15,13,17,9,11,0.1
72,15,8,4,22,16,0.2
73,15,18,8,18,6,0.3
74,15,18,10,16,6,0.4
75,15,11,3,23,13,0.5
76,16,14,21,7,8,0.1
77,16,12,10,18,10,0.2
78,16,15,24,4,7,0.3
79,16,11,20,8,11,0.4
80,16,9,11,17,13,0.5
81,17,14,13,14,9,0.1
82,17,10,17,10,13,0.2
83,17,14,10,17,9,0.3
84,17,10,12,15,13,0.4
85,17,12,13,14,11,0.5
86,18,11,19,5,15,0.1
87,18,4,14,10,22,0.2
88,18,15,6,18,11,0.3
89,18,18,8,16,8,0.4
90,18,8,2,22,18,0.5
91,19,4,18,9,19,0.1
92,19,6,18,9,17,0.2
93,19,8,21,6,15,0.3
94,19,13,4,23,10,0.4
95,19,15,6,21,8,0.5
96,20,23,6,14,7,0.1
97,20,15,17,3,15,0.2
98,20,13,16,4,17,0.3
99,20,12,13,7,18,0.4
100,20,22,6,14,8,0.5
101,21,16,9,12,13,0.1
102,21,11,13,8,18,0.2
103,21,10,2,19,19,0.3
104,21,11,9,12,18,0.4
105,21,19,9,12,10,0.5
106,22,14,9,16,11,0.1
107,22,8,3,22,17,0.2
108,22,17,13,12,8,0.3
109,22,24,18,7,1,0.4
110,22,17,7,18,8,0.5
111,23,13,9,14,14,0.1
112,23,12,12,11,15,0.2
113,23,11,11,12,16,0.3
114,23,9,13,10,18,0.4
115,23,10,4,19,17,0.5
116,24,15,7,16,12,0.1
117,24,12,6,17,15,0.2
118,24,16,13,10,11,0.3
119,24,17,5,18,10,0.4
120,24,16,9,14,11,0.5
121,25,15,13,11,11,0.1
122,25,16,5,19,10,0.2
123,25,13,16,8,13,0.3
124,25,2,11,13,24,0.4
125,25,13,7,17,13,0.5
126,26,23,17,8,2,0.1
127,26,6,15,10,19,0.2
128,26,5,11,14,20,0.3
129,26,14,2,23,11,0.4
130,26,8,6,19,17,0.5
131,27,17,10,19,4,0.1
132,27,9,22,7,12,0.2
133,27,15,11,18,6,0.3
134,27,15,5,24,6,0.4
135,27,9,14,15,12,0.5
136,28,6,8,14,22,0.1
137,28,16,17,5,12,0.2
138,28,8,3,19,20,0.3
139,28,16,10,12,12,0.4
140,28,8,3,19,20,0.5
141,29,12,5,17,16,0.1
142,29,16,9,13,12,0.2
143,29,18,16,6,10,0.3
144,29,18,17,5,10,0.4
145,29,7,11,11,21,0.5
146,30,12,2,22,14,0.1
147,30,14,6,18,12,0.2
148,30,13,18,6,13,0.3
149,30,11,6,18,15,0.4
150,30,22,11,13,4,0.5
151,31,6,5,25,14,0.1
152,31,15,6,24,5,0.2
153,31,2,8,22,18,0.3
154,31,7,11,19,13,0.4
155,31,14,21,9,6,0.5
156,32,13,5,20,12,0.1
157,32,6,8,17,19,0.2
158,32,14,4,21,11,0.3
159,32,11,8,17,14,0.4
160,32,15,5,20,10,0.5
161,33,16,11,11,12,0.1
162,33,13,17,5,15,0.2
163,33,15,21,1,13,0.3
164,33,16,11,11,12,0.4
165,33,18,14,8,10,0.5
166,34,7,6,18,19,0.1
167,34,23,14,10,3,0.2
168,34,23,16,8,3,0.3
169,34,14,16,8,12,0.4
170,34,23,18,6,3,0.5
171,35,17,12,8,13,0.1
172,35,12,14,6,18,0.2
173,35,19,8,12,11,0.3
174,35,15,8,12,15,0.4
175,35,12,1,19,18,0.5
176,36,16,18,10,6,0.1
177,36,4,13,15,18,0.2
178,36,6,3,25,16,0.3
179,36,11,8,20,11,0.4
180,36,13,13,15,9,0.5
181,37,15,8,18,9,0.1
182,37,10,22,4,14,0.2
183,37,17,26,0,7,0.3
184,37,11,22,4,13,0.4
185,37,4,2,24,20,0.5
186,38,23,16,3,8,0.1
187,38,19,9,10,12,0.2
188,38,10,7,12,21,0.3
189,38,18,10,9,13,0.4
190,38,16,7,12,15,0.5
191,39,5,17,6,22,0.1
192,39,17,6,17,10,0.2
193,39,11,12,11,16,0.3
194,39,5,14,9,22,0.4
195,39,14,10,13,13,0.5
196,40,13,13,15,9,0.1
197,40,5,6,22,17,0.2
198,40,13,9,19,9,0.3
199,40,9,3,25,13,0.4
200,40,10,18,10,12,0.5
201,41,14,16,7,13,0.1
202,41,13,5,18,14,0.2
203,41,17,3,20,10,0.3
204,41,14,12,11,13,0.4
205,41,20,7,16,7,0.5
206,42,22,10,9,9,0.1
207,42,9,7,12,22,0.2
208,42,11,3,16,20,0.3
209,42,18,6,13,13,0.4
210,42,17,14,5,14,0.5
211,43,11,9,21,9,0.1
212,43,9,8,22,11,0.2
213,43,15,15,15,5,0.3
214,43,17,12,18,3,0.4
215,43,7,5,25,13,0.5
216,44,21,17,9,3,0.1
217,44,20,13,13,4,0.2
218,44,11,15,11,13,0.3
219,44,20,11,15,4,0.4
220,44,10,15,11,14,0.5
221,45,7,20,6,17,0.1
222,45,17,7,19,7,0.2
223,45,5,8,18,19,0.3
224,45,8,22,4,16,0.4
225,45,17,16,10,7,0.5
226,46,17,9,16,8,0.1
227,46,16,6,19,9,0.2
228,46,16,8,17,9,0.3
229,46,18,11,14,7,0.4
230,46,12,19,6,13,0.5
231,47,5,9,14,22,0.1
232,47,19,11,12,8,0.2
233,47,19,5,18,8,0.3
234,47,15,13,10,12,0.4
235,47,19,2,21,8,0.5
236,48,22,26,2,0,0.1
237,48,15,23,5,7,0.2
238,48,2,4,24,20,0.3
239,48,15,21,7,7,0.4
240,48,11,11,17,11,0.5
241,49,15,9,16,10,0.1
242,49,5,7,18,20,0.2
243,49,21,21,4,4,0.3
244,49,14,12,13,11,0.4
245,49,5,7,18,20,0.5
246,50,18,15,4,13,0.1
247,50,13,11,8,18,0.2
248,50,5,1,18,26,0.3
249,50,21,18,1,10,0.4
250,50,17,10,9,14,0.5
251,51,12,3,21,14,0.1
252,51,6,9,15,20,0.2
253,51,21,9,15,5,0.3
254,51,11,19,5,15,0.4
255,51,26,22,2,0,0.5
256,52,9,2,16,23,0.1
257,52,2,4,14,30,0.2
258,52,8,2,16,24,0.3
259,52,13,5,13,19,0.4
260,52,20,4,14,12,0.5
261,53,15,10,13,12,0.1
262,53,15,12,11,12,0.2
263,53,15,18,5,12,0.3
264,53,7,5,18,20,0.4
265,53,13,10,13,14,0.5
266,54,6,3,25,16,0.1
267,54,4,6,22,18,0.2
268,54,4,12,16,18,0.3
269,54,14,19,9,8,0.4
270,54,3,2,26,19,0.5
271,55,13,9,16,12,0.1
272,55,13,9,16,12,0.2
273,55,13,6,19,12,0.3
274,55,4,16,9,21,0.4
275,55,21,23,2,4,0.5
276,56,13,12,16,9,0.1
277,56,14,17,11,8,0.2
278,56,12,16,12,10,0.3
279,56,11,7,21,11,0.4
280,56,12,4,24,10,0.5
281,57,20,15,10,5,0.1
282,57,14,15,10,11,0.2
283,57,16,10,15,9,0.3
284,57,7,6,19,18,0.4
285,57,12,2,23,13,0.5
286,58,17,7,16,10,0.1
287,58,4,3,20,23,0.2
288,58,7,2,21,20,0.3
289,58,13,17,6,14,0.4
290,58,8,5,18,19,0.5
291,59,6,15,5,24,0.1
292,59,18,4,16,12,0.2
293,59,9,5,15,21,0.3
294,59,18,6,14,12,0.4
295,59,21,5,15,9,0.5
296,60,6,13,10,21,0.1
297,60,15,5,18,12,0.2
298,60,5,6,17,22,0.3
299,60,17,6,17,10,0.4
300,60,18,7,16,9,0.5
301,61,13,12,14,11,0.1
302,61,18,11,15,6,0.2
303,61,4,12,14,20,0.3
304,61,18,14,12,6,0.4
305,61,19,13,13,5,0.5
306,62,10,12,10,18,0.1
307,62,20,10,12,8,0.2
308,62,12,2,20,16,0.3
309,62,16,4,18,12,0.4
310,62,5,12,10,23,0.5
311,63,3,2,20,25,0.1
312,63,4,10,12,24,0.2
313,63,8,12,10,20,0.3
314,63,24,11,11,4,0.4
315,63,5,5,17,23,0.5
316,64,15,8,15,12,0.1
317,64,14,7,16,13,0.2
318,64,13,17,6,14,0.3
319,64,12,1,22,15,0.4
320,64,15,16,7,12,0.5
321,65,15,10,13,12,0.1
322,65,9,10,13,18,0.2
323,65,13,14,9,14,0.3
324,65,19,21,2,8,0.4
325,65,22,15,8,5,0.5
326,66,19,16,12,3,0.1
327,66,3,14,14,19,0.2
328,66,3,9,19,19,0.3
329,66,8,24,4,14,0.4
330,66,8,11,17,14,0.5
331,67,4,0,28,18,0.1
332,67,8,7,21,14,0.2
333,67,9,6,22,13,0.3
334,67,9,6,22,13,0.4
335,67,13,11,17,9,0.5
336,68,15,12,8,15,0.1
337,68,11,8,12,19,0.2
338,68,6,10,10,24,0.3
339,68,6,10,10,24,0.4
340,68,27,16,4,3,0.5
341,69,16,11,14,9,0.1
342,69,11,13,12,14,0.2
343,69,3,0,25,22,0.3
344,69,15,18,7,10,0.4
345,69,11,4,21,14,0.5
346,70,10,7,14,19,0.1
347,70,17,7,14,12,0.2
348,70,4,10,11,25,0.3
349,70,5,7,14,24,0.4
350,70,12,18,3,17,0.5
351,71,5,8,17,20,0.1
352,71,7,7,18,18,0.2
353,71,12,19,6,13,0.3
354,71,23,17,8,2,0.4
355,71,14,8,17,11,0.5
356,72,13,12,21,4,0.1
357,72,12,10,23,5,0.2
358,72,9,9,24,8,0.3
359,72,8,26,7,9,0.4
360,72,11,3,30,6,0.5
361,73,12,29,5,4,0.1
362,73,2,19,15,14,0.2
363,73,4,24,10,12,0.3
364,73,11,18,16,5,0.4
365,73,7,16,18,9,0.5
366,74,16,16,12,6,0.1
367,74,12,23,5,10,0.2
368,74,11,10,18,11,0.3
369,74,14,11,17,8,0.4
370,74,17,20,8,5,0.5
371,75,6,11,15,18,0.1
372,75,16,3,23,8,0.2
373,75,15,12,14,9,0.3
374,75,21,7,19,3,0.4
375,75,21,7,19,3,0.5
376,76,11,17,6,16,0.1
377,76,13,6,17,14,0.2
378,76,12,17,6,15,0.3
379,76,21,16,7,6,0.4
380,76,14,18,5,13,0.5
381,77,14,26,3,7,0.1
382,77,16,3,26,5,0.2
383,77,13,4,25,8,0.3
384,77,11,3,26,10,0.4
385,77,11,16,13,10,0.5
386,78,18,7,19,6,0.1
387,78,9,16,10,15,0.2
388,78,7,19,7,17,0.3
389,78,21,19,7,3,0.4
390,78,12,9,17,12,0.5
391,79,7,15,11,17,0.1
392,79,14,7,19,10,0.2
393,79,16,16,10,8,0.3
394,79,13,14,12,11,0.4
395,79,12,17,9,12,0.5
396,80,16,11,7,16,0.1
397,80,17,13,5,15,0.2
398,80,16,3,15,16,0.3
399,80,14,13,5,18,0.4
400,80,17,15,3,15,0.5
401,81,21,9,12,8,0.1
402,81,2,7,14,27,0.2
403,81,14,14,7,15,0.3
404,81,17,4,17,12,0.4
405,81,19,10,11,10,0.5
406,82,4,4,17,25,0.1
407,82,9,6,15,20,0.2
408,82,8,4,17,21,0.3
409,82,12,15,6,17,0.4
410,82,7,3,18,22,0.5
411,83,16,12,12,10,0.1
412,83,14,12,12,12,0.2
413,83,15,10,14,11,0.3
414,83,13,9,15,13,0.4
415,83,12,6,18,14,0.5
416,84,4,8,16,22,0.1
417,84,15,3,21,11,0.2
418,84,14,13,11,12,0.3
419,84,17,11,13,9,0.4
420,84,13,17,7,13,0.5
421,85,17,10,18,5,0.1
422,85,12,6,22,10,0.2
423,85,14,4,24,8,0.3
424,85,10,15,13,12,0.4
425,85,16,6,22,6,0.5
426,86,13,19,7,11,0.1
427,86,8,6,20,16,0.2
428,86,7,9,17,17,0.3
429,86,10,20,6,14,0.4
430,86,20,16,10,4,0.5
431,87,13,10,11,16,0.1
432,87,13,18,3,16,0.2
433,87,16,5,16,13,0.3
434,87,22,9,12,7,0.4
435,87,18,20,1,11,0.5
436,88,23,15,5,7,0.1
437,88,22,6,14,8,0.2
438,88,12,4,16,18,0.3
439,88,21,4,16,9,0.4
440,88,26,19,1,4,0.5
441,89,8,20,7,15,0.1
442,89,5,1,26,18,0.2
443,89,13,24,3,10,0.3
444,89,13,13,14,10,0.4
445,89,14,7,20,9,0.5
446,90,15,9,17,9,0.1
447,90,13,9,17,11,0.2
448,90,12,7,19,12,0.3
449,90,22,16,10,2,0.4
450,90,17,18,8,7,0.5
451,91,8,6,19,17,0.1
452,91,13,6,19,12,0.2
453,91,20,11,14,5,0.3
454,91,20,13,12,5,0.4
455,91,14,6,19,11,0.5
456,92,4,7,15,24,0.1
457,92,22,14,8,6,0.2
458,92,11,11,11,17,0.3
459,92,20,13,9,8,0.4
460,92,22,15,7,6,0.5
461,93,17,21,8,4,0.1
462,93,14,23,6,7,0.2
463,93,5,3,26,16,0.3
464,93,9,20,9,12,0.4
465,93,8,4,25,13,0.5
466,94,13,17,3,17,0.1
467,94,5,12,8,25,0.2
468,94,24,8,12,6,0.3
469,94,17,7,13,13,0.4
470,94,21,5,15,9,0.5
471,95,8,1,25,16,0.1
472,95,8,11,15,16,0.2
473,95,16,15,11,8,0.3
474,95,9,5,21,15,0.4
475,95,15,14,12,9,0.5
476,96,20,13,7,10,0.1
477,96,16,2,18,14,0.2
478,96,22,9,11,8,0.3
479,96,11,1,19,19,0.4
480,96,21,8,12,9,0.5
481,97,11,9,17,13,0.1
482,97,13,12,14,11,0.2
483,97,12,11,15,12,0.3
484,97,7,4,22,17,0.4
485,97,8,5,21,16,0.5
486,98,23,14,6,7,0.1
487,98,15,7,13,15,0.2
488,98,14,4,16,16,0.3
489,98,22,7,13,8,0.4
490,98,16,4,16,14,0.5
491,99,20,13,8,9,0.1
492,99,11,7,14,18,0.2
493,99,17,7,14,12,0.3
494,99,12,11,10,17,0.4
495,99,10,6,15,19,0.5
496,100,11,10,18,11,0.1
497,100,11,10,18,11,0.2
498,100,11,10,18,11,0.3
499,100,7,8,20,15,0.4
500,100,12,11,17,10,0.5
501,101,16,3,19,12,0.1
502,101,16,3,19,12,0.2
503,101,9,7,15,19,0.3
504,101,12,19,3,16,0.4
505,101,15,9,13,13,0.5
506,102,18,16,11,5,0.1
507,102,15,7,20,8,0.2
508,102,14,23,4,9,0.3
509,102,9,19,8,14,0.4
510,102,22,22,5,1,0.5
511,103,6,20,10,14,0.1
512,103,11,24,6,9,0.2
513,103,10,5,25,10,0.3
514,103,10,5,25,10,0.4
515,103,6,22,8,14,0.5
516,104,2,16,17,15,0.1
517,104,2,17,16,15,0.2
518,104,6,24,9,11,0.3
519,104,11,11,22,6,0.4
520,104,14,6,27,3,0.5
521,105,2,4,19,25,0.1
522,105,10,8,15,17,0.2
523,105,21,16,7,6,0.3
524,105,14,8,15,13,0.4
525,105,16,11,12,11,0.5
526,106,22,13,9,6,0.1
527,106,8,6,16,20,0.2
528,106,14,7,15,14,0.3
529,106,28,22,0,0,0.4
530,106,20,16,6,8,0.5
531,107,17,15,11,7,0.1
532,107,21,19,7,3,0.2
533,107,0,5,21,24,0.3
534,107,17,16,10,7,0.4
535,107,3,3,23,21,0.5
536,108,0,0,24,26,0.1
537,108,24,19,5,2,0.2
538,108,10,18,6,16,0.3
539,108,3,4,20,23,0.4
540,108,22,23,1,4,0.5
541,109,10,2,20,18,0.1
542,109,6,11,11,22,0.2
543,109,3,13,9,25,0.3
544,109,13,6,16,15,0.4
545,109,9,14,8,19,0.5
546,110,13,2,21,14,0.1
547,110,11,8,15,16,0.2
548,110,19,7,16,8,0.3
549,110,9,14,9,18,0.4
550,110,11,13,10,16,0.5
551,111,7,5,25,13,0.1
552,111,8,18,12,12,0.2
553,111,15,12,18,5,0.3
554,111,12,10,20,8,0.4
555,111,10,7,23,10,0.5
556,112,5,9,14,22,0.1
557,112,18,10,13,9,0.2
558,112,23,15,8,4,0.3
559,112,14,19,4,13,0.4
560,112,16,9,14,11,0.5
561,113,12,3,27,8,0.1
562,113,2,9,21,18,0.2
563,113,14,8,22,6,0.3
564,113,11,6,24,9,0.4
565,113,11,6,24,9,0.5
566,114,13,3,20,14,0.1
567,114,20,15,8,7,0.2
568,114,13,12,11,14,0.3
569,114,15,12,11,12,0.4
570,114,11,6,17,16,0.5
571,115,15,6,20,9,0.1
572,115,15,5,21,9,0.2
573,115,18,22,4,6,0.3
574,115,21,10,16,3,0.4
575,115,21,12,14,3,0.5
576,116,15,22,9,4,0.1
577,116,17,21,10,2,0.2
578,116,5,15,16,14,0.3
579,116,14,20,11,5,0.4
580,116,17,31,0,2,0.5
581,117,3,6,23,18,0.1
582,117,2,11,18,19,0.2
583,117,18,16,13,3,0.3
584,117,10,10,19,11,0.4
585,117,17,18,11,4,0.5
586,118,8,5,16,21,0.1
587,118,12,5,16,17,0.2
588,118,17,6,15,12,0.3
589,118,20,7,14,9,0.4
590,118,20,7,14,9,0.5
591,119,0,4,18,28,0.1
592,119,16,10,12,12,0.2
593,119,9,10,12,19,0.3
594,119,16,14,8,12,0.4
595,119,14,8,14,14,0.5
596,120,13,8,21,8,0.1
597,120,11,3,26,10,0.2
598,120,12,4,25,9,0.3
599,120,13,5,24,8,0.4
600,120,14,5,24,7,0.5
601,121,15,13,6,16,0.1
602,121,7,5,14,24,0.2
603,121,19,10,9,12,0.3
604,121,13,9,10,18,0.4
605,121,2,6,13,29,0.5
606,122,14,2,22,12,0.1
607,122,13,6,18,13,0.2
608,122,14,22,2,12,0.3
609,122,17,7,17,9,0.4
610,122,16,5,19,10,0.5
611,123,14,16,5,15,0.1
612,123,14,16,5,15,0.2
613,123,16,15,6,13,0.3
614,123,12,1,20,17,0.4
615,123,25,21,0,4,0.5
616,124,7,11,14,18,0.1
617,124,19,17,8,6,0.2
618,124,7,16,9,18,0.3
619,124,3,5,20,22,0.4
620,124,15,9,16,10,0.5
621,125,21,4,12,13,0.1
622,125,24,4,12,10,0.2
623,125,24,8,8,10,0.3
624,125,12,1,15,22,0.4
625,125,28,7,9,6,0.5
626,126,12,12,20,6,0.1
627,126,7,11,21,11,0.2
628,126,14,8,24,4,0.3
629,126,11,12,20,7,0.4
630,126,15,21,11,3,0.5
631,127,9,24,1,16,0.1
632,127,21,6,19,4,0.2
633,127,11,8,17,14,0.3
634,127,15,4,21,10,0.4
635,127,18,22,3,7,0.5
636,128,22,14,6,8,0.1
637,128,12,3,17,18,0.2
638,128,16,7,13,14,0.3
639,128,7,13,7,23,0.4
640,128,21,12,8,9,0.5
641,129,6,9,13,22,0.1
642,129,20,14,8,8,0.2
643,129,18,6,16,10,0.3
644,129,21,11,11,7,0.4
645,129,20,7,15,8,0.5
646,130,14,8,14,14,0.1
647,130,4,6,16,24,0.2
648,130,11,18,4,17,0.3
649,130,20,8,14,8,0.4
650,130,5,6,16,23,0.5
651,131,4,10,24,12,0.1
652,131,5,8,26,11,0.2
653,131,5,10,24,11,0.3
654,131,6,7,27,10,0.4
655,131,9,11,23,7,0.5
656,132,12,3,22,13,0.1
657,132,8,15,10,17,0.2
658,132,17,9,16,8,0.3
659,132,10,18,7,15,0.4
660,132,14,10,15,11,0.5
661,133,17,12,16,5,0.1
662,133,16,5,23,6,0.2
663,133,9,12,16,13,0.3
664,133,9,11,17,13,0.4
665,133,11,11,17,11,0.5
666,134,2,9,17,22,0.1
667,134,3,9,17,21,0.2
668,134,3,10,16,21,0.3
669,134,19,13,13,5,0.4
670,134,20,16,10,4,0.5
671,135,4,8,15,23,0.1
672,135,20,10,13,7,0.2
673,135,23,14,9,4,0.3
674,135,12,8,15,15,0.4
675,135,21,9,14,6,0.5
676,136,17,12,8,13,0.1
677,136,14,8,12,16,0.2
678,136,8,9,11,22,0.3
679,136,16,11,9,14,0.4
680,136,17,9,11,13,0.5
681,137,12,17,6,15,0.1
682,137,15,5,18,12,0.2
683,137,20,11,12,7,0.3
684,137,10,12,11,17,0.4
685,137,23,20,3,4,0.5
686,138,7,7,19,17,0.1
687,138,13,7,19,11,0.2
688,138,15,22,4,9,0.3
689,138,21,23,3,3,0.4
690,138,21,24,2,3,0.5
691,139,13,12,16,9,0.1
692,139,5,3,25,17,0.2
693,139,12,7,21,10,0.3
694,139,9,2,26,13,0.4
695,139,18,26,2,4,0.5
696,140,12,9,14,15,0.1
697,140,1,8,15,26,0.2
698,140,17,5,18,10,0.3
699,140,10,9,14,17,0.4
700,140,9,16,7,18,0.5
701,141,9,11,19,11,0.1
702,141,3,7,23,17,0.2
703,141,17,9,21,3,0.3
704,141,18,21,9,2,0.4
705,141,9,5,25,11,0.5
706,142,9,10,13,18,0.1
707,142,11,4,19,16,0.2
708,142,16,5,18,11,0.3
709,142,13,9,14,14,0.4
710,142,19,10,13,8,0.5
711,143,11,14,13,12,0.1
712,143,13,12,15,10,0.2
713,143,13,5,22,10,0.3
714,143,9,0,27,14,0.4
715,143,12,3,24,11,0.5
716,144,11,20,6,13,0.1
717,144,10,16,10,14,0.2
718,144,5,4,22,19,0.3
719,144,13,9,17,11,0.4
720,144,15,14,12,9,0.5
721,145,5,6,17,22,0.1
722,145,7,7,16,20,0.2
723,145,3,5,18,24,0.3
724,145,9,11,12,18,0.4
725,145,5,6,17,22,0.5
726,146,27,11,7,5,0.1
727,146,19,17,1,13,0.2
728,146,14,11,7,18,0.3
729,146,20,3,15,12,0.4
730,146,16,11,7,16,0.5
731,147,14,17,12,7,0.1
732,147,8,20,9,13,0.2
733,147,11,11,18,10,0.3
734,147,12,23,6,9,0.4
735,147,4,17,12,17,0.5
736,148,11,14,15,10,0.1
737,148,4,5,24,17,0.2
738,148,15,25,4,6,0.3
739,148,13,24,5,8,0.4
740,148,10,16,13,11,0.5
741,149,16,14,3,17,0.1
742,149,15,4,13,18,0.2
743,149,11,1,16,22,0.3
744,149,14,12,5,19,0.4
745,149,7,11,6,26,0.5
746,150,16,12,14,8,0.1
747,150,11,10,16,13,0.2
748,150,13,8,18,11,0.3
749,150,9,6,20,15,0.4
750,150,9,1,25,15,0.5
751,151,1,17,9,23,0.1
752,151,21,7,19,3,0.2
753,151,8,20,6,16,0.3
754,151,1,7,19,23,0.4
755,151,16,7,19,8,0.5
756,152,5,2,27,16,0.1
757,152,7,15,14,14,0.2
758,152,13,26,3,8,0.3
759,152,10,13,16,11,0.4
760,152,10,14,15,11,0.5
761,153,13,18,7,12,0.1
762,153,10,6,19,15,0.2
763,153,14,7,18,11,0.3
764,153,12,3,22,13,0.4
765,153,8,1,24,17,0.5
766,154,15,9,16,10,0.1
767,154,17,19,6,8,0.2
768,154,11,13,12,14,0.3
769,154,15,9,16,10,0.4
770,154,16,20,5,9,0.5
771,155,14,15,16,5,0.1
772,155,9,3,28,10,0.2
773,155,9,28,3,10,0.3
774,155,6,10,21,13,0.4
775,155,2,14,17,17,0.5
776,156,5,1,22,22,0.1
777,156,10,19,4,17,0.2
778,156,17,5,18,10,0.3
779,156,18,5,18,9,0.4
780,156,19,6,17,8,0.5
781,157,4,10,14,22,0.1
782,157,9,17,7,17,0.2
783,157,19,8,16,7,0.3
784,157,21,6,18,5,0.4
785,157,22,8,16,4,0.5
786,158,13,7,16,14,0.1
787,158,8,2,21,19,0.2
788,158,16,9,14,11,0.3
789,158,20,12,11,7,0.4
790,158,18,13,10,9,0.5
791,159,10,4,21,15,0.1
792,159,8,1,24,17,0.2
793,159,14,22,3,11,0.3
794,159,11,22,3,14,0.4
795,159,11,4,21,14,0.5
796,160,19,3,20,8,0.1
797,160,16,16,7,11,0.2
798,160,19,4,19,8,0.3
799,160,21,5,18,6,0.4
800,160,20,4,19,7,0.5
801,161,14,9,14,13,0.1
802,161,18,12,11,9,0.2
803,161,23,16,7,4,0.3
804,161,21,13,10,6,0.4
805,161,21,14,9,6,0.5
806,162,7,6,17,20,0.1
807,162,5,5,18,22,0.2
808,162,13,17,6,14,0.3
809,162,7,7,16,20,0.4
810,162,10,8,15,17,0.5
811,163,15,9,9,17,0.1
812,163,18,4,14,14,0.2
813,163,11,0,18,21,0.3
814,163,10,3,15,22,0.4
815,163,19,5,13,13,0.5
816,164,14,4,18,14,0.1
817,164,21,9,13,7,0.2
818,164,14,3,19,14,0.3
819,164,16,2,20,12,0.4
820,164,20,5,17,8,0.5
821,165,13,10,17,10,0.1
822,165,18,17,10,5,0.2
823,165,6,4,23,17,0.3
824,165,17,14,13,6,0.4
825,165,14,10,17,9,0.5
826,166,9,8,20,13,0.1
827,166,18,16,12,4,0.2
828,166,14,6,22,8,0.3
829,166,13,26,2,9,0.4
830,166,8,1,27,14,0.5
831,167,12,16,13,9,0.1
832,167,13,16,13,8,0.2
833,167,8,10,19,13,0.3
834,167,12,10,19,9,0.4
835,167,13,8,21,8,0.5
836,168,5,11,16,18,0.1
837,168,12,4,23,11,0.2
838,168,1,6,21,22,0.3
839,168,5,0,27,18,0.4
840,168,8,19,8,15,0.5
841,169,4,7,18,21,0.1
842,169,13,7,18,12,0.2
843,169,9,5,20,16,0.3
844,169,15,10,15,10,0.4
845,169,8,5,20,17,0.5
846,170,9,22,6,13,0.1
847,170,15,13,15,7,0.2
848,170,19,20,8,3,0.3
849,170,13,10,18,9,0.4
850,170,14,10,18,8,0.5
851,171,22,7,14,7,0.1
852,171,23,9,12,6,0.2
853,171,4,12,9,25,0.3
854,171,19,11,10,10,0.4
855,171,8,11,10,21,0.5
856,172,6,1,24,19,0.1
857,172,14,15,10,11,0.2
858,172,3,12,13,22,0.3
859,172,3,11,14,22,0.4
860,172,14,11,14,11,0.5
861,173,12,7,19,12,0.1
862,173,12,16,10,12,0.2
863,173,11,15,11,13,0.3
864,173,9,10,16,15,0.4
865,173,11,10,16,13,0.5
866,174,4,18,13,15,0.1
867,174,8,4,27,11,0.2
868,174,12,9,22,7,0.3
869,174,7,24,7,12,0.4
870,174,10,13,18,9,0.5
871,175,12,13,11,14,0.1
872,175,0,0,24,26,0.2
873,175,7,6,18,19,0.3
874,175,9,3,21,17,0.4
875,175,13,6,18,13,0.5
876,176,10,4,25,11,0.1
877,176,6,21,8,15,0.2
878,176,6,23,6,15,0.3
879,176,14,6,23,7,0.4
880,176,12,4,25,9,0.5
881,177,10,4,22,14,0.1
882,177,13,11,15,11,0.2
883,177,12,20,6,12,0.3
884,177,14,3,23,10,0.4
885,177,11,2,24,13,0.5
886,178,9,6,21,14,0.1
887,178,9,3,24,14,0.2
888,178,14,7,20,9,0.3
889,178,17,24,3,6,0.4
890,178,10,18,9,13,0.5
891,179,16,17,4,13,0.1
892,179,20,9,12,9,0.2
893,179,29,21,0,0,0.3
894,179,6,2,19,23,0.4
895,179,8,10,11,21,0.5
896,180,0,6,23,21,0.1
897,180,5,10,19,16,0.2
898,180,7,21,8,14,0.3
899,180,8,2,27,13,0.4
900,180,6,15,14,15,0.5
901,181,9,7,19,15,0.1
902,181,18,10,16,6,0.2
903,181,4,14,12,20,0.3
904,181,18,9,17,6,0.4
905,181,12,8,18,12,0.5
906,182,11,22,8,9,0.1
907,182,12,14,16,8,0.2
908,182,6,3,27,14,0.3
909,182,9,10,20,11,0.4
910,182,13,20,10,7,0.5
911,183,9,8,13,20,0.1
912,183,11,5,16,18,0.2
913,183,14,6,15,15,0.3
914,183,14,8,13,15,0.4
915,183,8,6,15,21,0.5
916,184,22,5,16,7,0.1
917,184,12,18,3,17,0.2
918,184,17,10,11,12,0.3
919,184,16,9,12,13,0.4
920,184,14,16,5,15,0.5
921,185,10,26,6,8,0.1
922,185,10,28,4,8,0.2
923,185,6,2,30,12,0.3
924,185,3,16,16,15,0.4
925,185,11,12,20,7,0.5
926,186,16,21,3,10,0.1
927,186,14,1,23,12,0.2
928,186,16,16,8,10,0.3
929,186,14,2,22,12,0.4
930,186,12,3,21,14,0.5
931,187,6,6,20,18,0.1
932,187,4,14,12,20,0.2
933,187,5,7,19,19,0.3
934,187,6,6,20,18,0.4
935,187,12,13,13,12,0.5
936,188,15,13,11,11,0.1
937,188,13,14,10,13,0.2
938,188,4,4,20,22,0.3
939,188,12,10,14,14,0.4
940,188,15,11,13,11,0.5
941,189,11,4,25,10,0.1
942,189,13,13,16,8,0.2
943,189,17,16,13,4,0.3
944,189,12,8,21,9,0.4
945,189,17,28,1,4,0.5
946,190,6,8,18,18,0.1
947,190,4,13,13,20,0.2
948,190,4,13,13,20,0.3
949,190,15,21,5,9,0.4
950,190,19,11,15,5,0.5
951,191,0,0,26,24,0.1
952,191,8,11,15,16,0.2
953,191,19,18,8,5,0.3
954,191,8,16,10,16,0.4
955,191,17,12,14,7,0.5
956,192,2,11,14,23,0.1
957,192,5,13,12,20,0.2
958,192,14,4,21,11,0.3
959,192,24,14,11,1,0.4
960,192,24,15,10,1,0.5
961,193,11,4,28,7,0.1
962,193,4,23,9,14,0.2
963,193,10,2,30,8,0.3
964,193,18,31,1,0,0.4
965,193,9,2,30,9,0.5
966,194,6,16,8,20,0.1
967,194,1,4,20,25,0.2
968,194,15,6,18,11,0.3
969,194,18,7,17,8,0.4
970,194,17,7,17,9,0.5
971,195,14,20,4,12,0.1
972,195,18,6,18,8,0.2
973,195,4,7,17,22,0.3
974,195,12,19,5,14,0.4
975,195,13,4,20,13,0.5
976,196,15,3,23,9,0.1
977,196,11,3,23,13,0.2
978,196,4,0,26,20,0.3
979,196,13,2,24,11,0.4
980,196,23,21,5,1,0.5
981,197,11,4,21,14,0.1
982,197,8,3,22,17,0.2
983,197,15,21,4,10,0.3
984,197,10,6,19,15,0.4
985,197,7,0,25,18,0.5
986,198,8,11,14,17,0.1
987,198,5,7,18,20,0.2
988,198,11,12,13,14,0.3
989,198,15,9,16,10,0.4
990,198,6,5,20,19,0.5
991,199,2,14,8,26,0.1
992,199,21,11,11,7,0.2
993,199,11,11,11,17,0.3
994,199,7,10,12,21,0.4
995,199,19,9,13,9,0.5
996,200,6,11,21,12,0.1
997,200,5,6,26,13,0.2
998,200,4,11,21,14,0.3
999,200,13,22,10,5,0.4
1000,200,15,14,18,3,0.5
1001,201,22,15,5,8,0.1
1002,201,14,14,6,16,0.2
1003,201,18,14,6,12,0.3
1004,201,17,6,14,13,0.4
1005,201,13,4,16,17,0.5
1006,202,24,11,11,4,0.1
1007,202,11,16,6,17,0.2
1008,202,17,9,13,11,0.3
1009,202,22,13,9,6,0.4
1010,202,17,6,16,11,0.5
1011,203,14,26,5,5,0.1
1012,203,6,3,28,13,0.2
1013,203,10,6,25,9,0.3
1014,203,5,1,30,14,0.4
1015,203,9,6,25,10,0.5
1016,204,7,14,9,20,0.1
1017,204,6,8,15,21,0.2
1018,204,19,16,7,8,0.3
1019,204,20,15,8,7,0.4
1020,204,22,16,7,5,0.5
1021,205,19,17,10,4,0.1
1022,205,16,11,16,7,0.2
1023,205,8,10,17,15,0.3
1024,205,19,19,8,4,0.4
1025,205,11,4,23,12,0.5
1026,206,9,7,19,15,0.1
1027,206,21,10,16,3,0.2
1028,206,16,23,3,8,0.3
1029,206,14,6,20,10,0.4
1030,206,18,10,16,6,0.5
1031,207,19,7,14,10,0.1
1032,207,12,16,5,17,0.2
1033,207,17,5,16,12,0.3
1034,207,6,10,11,23,0.4
1035,207,19,7,14,10,0.5
1036,208,16,8,20,6,0.1
1037,208,10,3,25,12,0.2
1038,208,13,12,16,9,0.3
1039,208,12,13,15,10,0.4
1040,208,12,24,4,10,0.5
1041,209,12,16,9,13,0.1
1042,209,23,14,11,2,0.2
1043,209,22,15,10,3,0.3
1044,209,1,0,25,24,0.4
1045,209,21,14,11,4,0.5
1046,210,14,20,10,6,0.1
1047,210,7,1,29,13,0.2
1048,210,3,19,11,17,0.3
1049,210,2,16,14,18,0.4
1050,210,16,12,18,4,0.5
1051,211,16,5,19,10,0.1
1052,211,2,0,24,24,0.2
1053,211,17,22,2,9,0.3
1054,211,14,3,21,12,0.4
1055,211,15,22,2,11,0.5
1056,212,18,12,10,10,0.1
1057,212,5,4,18,23,0.2
1058,212,9,15,7,19,0.3
1059,212,22,13,9,6,0.4
1060,212,20,15,7,8,0.5
1061,213,19,6,20,5,0.1
1062,213,19,20,6,5,0.2
1063,213,2,21,5,22,0.3
1064,213,23,26,0,1,0.4
1065,213,7,2,24,17,0.5
1066,214,6,11,10,23,0.1
1067,214,17,2,19,12,0.2
1068,214,10,0,21,19,0.3
1069,214,18,9,12,11,0.4
1070,214,17,5,16,12,0.5
1071,215,9,26,7,8,0.1
1072,215,8,8,25,9,0.2
1073,215,9,7,26,8,0.3
1074,215,9,26,7,8,0.4
1075,215,15,10,23,2,0.5
1076,216,12,0,16,22,0.1
1077,216,15,11,5,19,0.2
1078,216,17,8,8,17,0.3
1079,216,12,12,4,22,0.4
1080,216,14,13,3,20,0.5
1081,217,14,2,22,12,0.1
1082,217,13,4,20,13,0.2
1083,217,10,7,17,16,0.3
1084,217,9,20,4,17,0.4
1085,217,15,18,6,11,0.5
1086,218,17,6,19,8,0.1
1087,218,8,21,4,17,0.2
1088,218,14,15,10,11,0.3
1089,218,22,13,12,3,0.4
1090,218,18,6,19,7,0.5
1091,219,21,15,8,6,0.1
1092,219,1,0,23,26,0.2
1093,219,19,10,13,8,0.3
1094,219,8,15,8,19,0.4
1095,219,12,19,4,15,0.5
1096,220,12,12,12,14,0.1
1097,220,15,6,18,11,0.2
1098,220,21,12,12,5,0.3
1099,220,19,11,13,7,0.4
1100,220,16,7,17,10,0.5
1101,221,14,21,5,10,0.1
1102,221,4,1,25,20,0.2
1103,221,20,26,0,4,0.3
1104,221,13,12,14,11,0.4
1105,221,4,0,26,20,0.5
1106,222,11,15,12,12,0.1
1107,222,9,18,9,14,0.2
1108,222,16,6,21,7,0.3
1109,222,15,24,3,8,0.4
1110,222,18,9,18,5,0.5
1111,223,23,19,7,1,0.1
1112,223,19,11,15,5,0.2
1113,223,5,13,13,19,0.3
1114,223,19,10,16,5,0.4
1115,223,15,2,24,9,0.5
1116,224,8,22,6,14,0.1
1117,224,8,13,15,14,0.2
1118,224,11,7,21,11,0.3
1119,224,3,11,17,19,0.4
1120,224,19,18,10,3,0.5
1121,225,5,3,21,21,0.1
1122,225,19,20,4,7,0.2
1123,225,15,15,9,11,0.3
1124,225,8,22,2,18,0.4
1125,225,20,5,19,6,0.5
1126,226,13,17,4,16,0.1
1127,226,25,6,15,4,0.2
1128,226,9,3,18,20,0.3
1129,226,9,16,5,20,0.4
1130,226,10,1,20,19,0.5
1131,227,12,16,7,15,0.1
1132,227,13,20,3,14,0.2
1133,227,17,14,9,10,0.3
1134,227,21,7,16,6,0.4
1135,227,22,12,11,5,0.5
1136,228,18,15,8,9,0.1
1137,228,16,4,19,11,0.2
1138,228,7,13,10,20,0.3
1139,228,11,7,16,16,0.4
1140,228,17,9,14,10,0.5
1141,229,7,17,9,17,0.1
1142,229,8,19,7,16,0.2
1143,229,13,3,23,11,0.3
1144,229,13,4,22,11,0.4
1145,229,7,11,15,17,0.5
1146,230,16,12,12,10,0.1
1147,230,20,18,6,6,0.2
1148,230,20,7,17,6,0.3
1149,230,21,14,10,5,0.4
1150,230,21,13,11,5,0.5
1151,231,16,11,11,12,0.1
1152,231,21,22,0,7,0.2
1153,231,13,3,19,15,0.3
1154,231,9,12,10,19,0.4
1155,231,17,4,18,11,0.5
1156,232,6,9,12,23,0.1
1157,232,2,6,15,27,0.2
1158,232,15,1,20,14,0.3
1159,232,19,8,13,10,0.4
1160,232,19,4,17,10,0.5
1161,233,17,7,13,13,0.1
1162,233,21,4,16,9,0.2
1163,233,18,6,14,12,0.3
1164,233,23,8,12,7,0.4
1165,233,22,6,14,8,0.5
1166,234,5,18,8,19,0.1
1167,234,8,3,23,16,0.2
1168,234,20,14,12,4,0.3
1169,234,17,6,20,7,0.4
1170,234,18,8,18,6,0.5
1171,235,12,9,19,10,0.1
1172,235,14,10,18,8,0.2
1173,235,11,19,9,11,0.3
1174,235,7,16,12,15,0.4
1175,235,11,9,19,11,0.5
1176,236,7,6,15,22,0.1
1177,236,8,8,13,21,0.2
1178,236,5,9,12,24,0.3
1179,236,22,10,11,7,0.4
1180,236,24,12,9,5,0.5
1181,237,6,10,19,15,0.1
1182,237,13,8,21,8,0.2
1183,237,3,10,19,18,0.3
1184,237,15,18,11,6,0.4
1185,237,14,10,19,7,0.5
1186,238,14,15,11,10,0.1
1187,238,7,18,8,17,0.2
1188,238,14,17,9,10,0.3
1189,238,3,16,10,21,0.4
1190,238,10,4,22,14,0.5
1191,239,14,16,7,13,0.1
1192,239,15,11,12,12,0.2
1193,239,11,8,15,16,0.3
1194,239,19,13,10,8,0.4
1195,239,23,10,13,4,0.5
1196,240,24,18,6,2,0.1
1197,240,3,8,16,23,0.2
1198,240,10,15,9,16,0.3
1199,240,14,5,19,12,0.4
1200,240,12,9,15,14,0.5
1201,241,11,14,13,12,0.1
1202,241,9,6,21,14,0.2
1203,241,13,18,9,10,0.3
1204,241,9,2,25,14,0.4
1205,241,8,3,24,15,0.5
1206,242,0,11,19,20,0.1
1207,242,3,6,24,17,0.2
1208,242,16,12,18,4,0.3
1209,242,16,12,18,4,0.4
1210,242,8,5,25,12,0.5
1211,243,2,12,17,19,0.1
1212,243,20,23,6,1,0.2
1213,243,7,13,16,14,0.3
1214,243,11,20,9,10,0.4
1215,243,16,10,19,5,0.5
1216,244,8,3,24,15,0.1
1217,244,5,7,20,18,0.2
1218,244,15,9,18,8,0.3
1219,244,13,4,23,10,0.4
1220,244,15,7,20,8,0.5
1221,245,5,12,16,17,0.1
1222,245,15,9,19,7,0.2
1223,245,7,3,25,15,0.3
1224,245,12,17,11,10,0.4
1225,245,10,18,10,12,0.5
1226,246,12,4,19,15,0.1
1227,246,18,19,4,9,0.2
1228,246,7,2,21,20,0.3
1229,246,20,5,18,7,0.4
1230,246,13,3,20,14,0.5
1231,247,11,13,9,17,0.1
1232,247,14,10,12,14,0.2
1233,247,17,5,17,11,0.3
1234,247,12,4,18,16,0.4
1235,247,19,5,17,9,0.5
1236,248,15,22,3,10,0.1
1237,248,6,9,16,19,0.2
1238,248,6,9,16,19,0.3
1239,248,5,11,14,20,0.4
1240,248,10,5,20,15,0.5
1241,249,12,3,17,18,0.1
1242,249,7,11,9,23,0.2
1243,249,26,10,10,4,0.3
1244,249,18,4,16,12,0.4
1245,249,10,1,19,20,0.5
1246,250,14,7,14,15,0.1
1247,250,4,7,14,25,0.2
1248,250,9,2,19,20,0.3
1249,250,10,10,11,19,0.4
1250,250,10,4,17,19,0.5
1251,251,19,9,17,5,0.1
1252,251,1,2,24,23,0.2
1253,251,16,6,20,8,0.3
1254,251,17,4,22,7,0.4
1255,251,18,11,15,6,0.5
1256,252,27,11,7,5,0.1
1257,252,9,6,12,23,0.2
1258,252,22,9,9,10,0.3
1259,252,11,9,9,21,0.4
1260,252,23,12,6,9,0.5
1261,253,14,10,19,7,0.1
1262,253,11,11,18,10,0.2
1263,253,11,7,22,10,0.3
1264,253,12,10,19,9,0.4
1265,253,13,9,20,8,0.5
1266,254,12,19,6,13,0.1
1267,254,15,5,20,10,0.2
1268,254,12,4,21,13,0.3
1269,254,11,3,22,14,0.4
1270,254,14,16,9,11,0.5
1271,255,20,8,9,13,0.1
1272,255,21,1,16,12,0.2
1273,255,11,2,15,22,0.3
1274,255,12,7,10,21,0.4
1275,255,11,1,16,22,0.5
1276,256,7,13,16,14,0.1
1277,256,10,4,25,11,0.2
1278,256,13,9,20,8,0.3
1279,256,7,14,15,14,0.4
1280,256,14,16,13,7,0.5
1281,257,17,6,15,12,0.1
1282,257,2,0,21,27,0.2
1283,257,19,18,3,10,0.3
1284,257,10,5,16,19,0.4
1285,257,20,9,12,9,0.5
1286,258,9,11,15,15,0.1
1287,258,17,13,13,7,0.2
1288,258,6,4,22,18,0.3
1289,258,12,7,19,12,0.4
1290,258,15,17,9,9,0.5
1291,259,1,11,19,19,0.1
1292,259,6,22,8,14,0.2
1293,259,9,4,26,11,0.3
1294,259,4,17,13,16,0.4
1295,259,18,15,15,2,0.5
1296,260,13,4,17,16,0.1
1297,260,9,2,19,20,0.2
1298,260,13,17,4,16,0.3
1299,260,9,1,20,20,0.4
1300,260,17,19,2,12,0.5
1301,261,16,7,13,14,0.1
1302,261,8,14,6,22,0.2
1303,261,16,7,13,14,0.3
1304,261,19,19,1,11,0.4
1305,261,13,2,18,17,0.5
1306,262,12,13,16,9,0.1
1307,262,10,4,25,11,0.2
1308,262,20,26,3,1,0.3
1309,262,11,21,8,10,0.4
1310,262,15,12,17,6,0.5
1311,263,8,17,8,17,0.1
1312,263,8,4,21,17,0.2
1313,263,15,12,13,10,0.3
1314,263,13,5,20,12,0.4
1315,263,13,4,21,12,0.5
1316,264,6,4,23,17,0.1
1317,264,19,24,3,4,0.2
1318,264,9,4,23,14,0.3
1319,264,12,20,7,11,0.4
1320,264,12,6,21,11,0.5
1321,265,9,12,14,15,0.1
1322,265,15,16,10,9,0.2
1323,265,14,16,10,10,0.3
1324,265,1,1,25,23,0.4
1325,265,18,17,9,6,0.5
1326,266,15,15,3,17,0.1
1327,266,13,15,3,19,0.2
1328,266,21,15,3,11,0.3
1329,266,15,9,9,17,0.4
1330,266,26,16,2,6,0.5
1331,267,16,8,13,13,0.1
1332,267,14,8,13,15,0.2
1333,267,1,1,20,28,0.3
1334,267,10,9,12,19,0.4
1335,267,16,6,15,13,0.5
1336,268,6,11,16,17,0.1
1337,268,12,10,17,11,0.2
1338,268,14,11,16,9,0.3
1339,268,12,11,16,11,0.4
1340,268,11,11,16,12,0.5
1341,269,2,7,19,22,0.1
1342,269,19,14,12,5,0.2
1343,269,20,15,11,4,0.3
1344,269,14,16,10,10,0.4
1345,269,12,4,22,12,0.5
1346,270,3,5,21,21,0.1
1347,270,9,19,7,15,0.2
1348,270,14,20,6,10,0.3
1349,270,14,17,9,10,0.4
1350,270,4,5,21,20,0.5
1351,271,4,4,23,19,0.1
1352,271,8,5,22,15,0.2
1353,271,15,10,17,8,0.3
1354,271,14,8,19,9,0.4
1355,271,7,11,16,16,0.5
1356,272,19,11,12,8,0.1
1357,272,18,16,7,9,0.2
1358,272,13,14,9,14,0.3
1359,272,9,7,16,18,0.4
1360,272,7,5,18,20,0.5
1361,273,12,17,13,8,0.1
1362,273,10,27,3,10,0.2
1363,273,5,19,11,15,0.3
1364,273,8,12,18,12,0.4
1365,273,12,9,21,8,0.5
1366,274,20,22,6,2,0.1
1367,274,12,11,17,10,0.2
1368,274,18,18,10,4,0.3
1369,274,6,21,7,16,0.4
1370,274,8,2,26,14,0.5
1371,275,21,10,16,3,0.1
1372,275,19,8,18,5,0.2
1373,275,10,12,14,14,0.3
1374,275,10,3,23,14,0.4
1375,275,15,6,20,9,0.5
1376,276,14,21,9,6,0.1
1377,276,3,12,18,17,0.2
1378,276,14,16,14,6,0.3
1379,276,4,12,18,16,0.4
1380,276,15,8,22,5,0.5
1381,277,10,5,22,13,0.1
1382,277,13,21,6,10,0.2
1383,277,12,5,22,11,0.3
1384,277,10,8,19,13,0.4
1385,277,12,5,22,11,0.5
1386,278,13,7,21,9,0.1
1387,278,10,7,21,12,0.2
1388,278,15,8,20,7,0.3
1389,278,12,22,6,10,0.4
1390,278,14,10,18,8,0.5
1391,279,15,16,7,12,0.1
1392,279,22,14,9,5,0.2
1393,279,24,19,4,3,0.3
1394,279,14,8,15,13,0.4
1395,279,22,11,12,5,0.5
1396,280,7,12,12,19,0.1
1397,280,12,10,14,14,0.2
1398,280,7,5,19,19,0.3
1399,280,13,4,20,13,0.4
1400,280,5,12,12,21,0.5
1401,281,6,3,22,19,0.1
1402,281,10,5,20,15,0.2
1403,281,12,17,8,13,0.3
1404,281,8,13,12,17,0.4
1405,281,7,3,22,18,0.5
1406,282,12,7,21,10,0.1
1407,282,9,17,11,13,0.2
1408,282,8,11,17,14,0.3
1409,282,16,13,15,6,0.4
1410,282,13,7,21,9,0.5
1411,283,11,8,13,18,0.1
1412,283,14,8,13,15,0.2
1413,283,10,5,16,19,0.3
1414,283,15,10,11,14,0.4
1415,283,14,11,10,15,0.5
1416,284,19,15,12,4,0.1
1417,284,14,16,11,9,0.2
1418,284,12,17,10,11,0.3
1419,284,9,5,22,14,0.4
1420,284,13,11,16,10,0.5
1421,285,18,22,2,8,0.1
1422,285,15,23,1,11,0.2
1423,285,21,16,8,5,0.3
1424,285,17,14,10,9,0.4
1425,285,11,2,22,15,0.5
1426,286,13,13,10,14,0.1
1427,286,14,7,16,13,0.2
1428,286,11,11,12,16,0.3
1429,286,14,17,6,13,0.4
1430,286,11,6,17,16,0.5
1431,287,11,18,7,14,0.1
1432,287,7,15,10,18,0.2
1433,287,12,13,12,13,0.3
1434,287,16,10,15,9,0.4
1435,287,16,8,17,9,0.5
1436,288,10,4,28,8,0.1
1437,288,11,8,24,7,0.2
1438,288,12,11,21,6,0.3
1439,288,13,10,22,5,0.4
1440,288,8,10,22,10,0.5
1441,289,15,7,17,11,0.1
1442,289,23,10,14,3,0.2
1443,289,23,11,13,3,0.3
1444,289,2,15,9,24,0.4
1445,289,20,10,14,6,0.5
1446,290,8,5,15,22,0.1
1447,290,5,3,17,25,0.2
1448,290,7,6,14,23,0.3
1449,290,20,13,7,10,0.4
1450,290,25,13,7,5,0.5
1451,291,2,14,16,18,0.1
1452,291,19,29,1,1,0.2
1453,291,8,4,26,12,0.3
1454,291,15,13,17,5,0.4
1455,291,19,29,1,1,0.5
1456,292,3,1,31,15,0.1
1457,292,2,5,27,16,0.2
1458,292,13,16,16,5,0.3
1459,292,6,6,26,12,0.4
1460,292,13,15,17,5,0.5
1461,293,18,10,5,17,0.1
1462,293,7,2,13,28,0.2
1463,293,20,6,9,15,0.3
1464,293,21,3,12,14,0.4
1465,293,25,6,9,10,0.5
1466,294,9,5,19,17,0.1
1467,294,10,14,10,16,0.2
1468,294,21,17,7,5,0.3
1469,294,10,7,17,16,0.4
1470,294,15,5,19,11,0.5
1471,295,12,7,17,14,0.1
1472,295,9,15,9,17,0.2
1473,295,7,4,20,19,0.3
1474,295,14,17,7,12,0.4
1475,295,16,4,20,10,0.5
1476,296,12,8,21,9,0.1
1477,296,4,6,23,17,0.2
1478,296,13,25,4,8,0.3
1479,296,7,4,25,14,0.4
1480,296,18,26,3,3,0.5
1481,297,8,20,11,11,0.1
1482,297,16,20,11,3,0.2
1483,297,13,16,15,6,0.3
1484,297,0,0,31,19,0.4
1485,297,5,12,19,14,0.5
1486,298,19,11,15,5,0.1
1487,298,2,13,13,22,0.2
1488,298,4,10,16,20,0.3
1489,298,20,14,12,4,0.4
1490,298,16,14,12,8,0.5
1491,299,5,5,18,22,0.1
1492,299,5,12,11,22,0.2
1493,299,21,12,11,6,0.3
1494,299,15,18,5,12,0.4
1495,299,14,9,14,13,0.5
1496,300,7,7,16,20,0.1
1497,300,21,13,10,6,0.2
1498,300,16,11,12,11,0.3
1499,300,9,17,6,18,0.4
1500,300,11,6,17,16,0.5
1501,301,14,23,5,8,0.1
1502,301,12,20,8,10,0.2
1503,301,10,17,11,12,0.3
1504,301,13,9,19,9,0.4
1505,301,7,16,12,15,0.5
1506,302,15,7,14,14,0.1
1507,302,11,5,16,18,0.2
1508,302,17,8,13,12,0.3
1509,302,7,2,19,22,0.4
1510,302,17,10,11,12,0.5
1511,303,9,20,4,17,0.1
1512,303,5,12,12,21,0.2
1513,303,14,15,9,12,0.3
1514,303,18,6,18,8,0.4
1515,303,17,5,19,9,0.5
1516,304,9,15,7,19,0.1
1517,304,19,12,10,9,0.2
1518,304,16,5,17,12,0.3
1519,304,16,4,18,12,0.4
1520,304,17,5,17,11,0.5
1521,305,6,6,18,20,0.1
1522,305,4,8,16,22,0.2
1523,305,10,8,16,16,0.3
1524,305,8,6,18,18,0.4
1525,305,21,17,7,5,0.5
1526,306,17,9,17,7,0.1
1527,306,8,2,24,16,0.2
1528,306,17,9,17,7,0.3
1529,306,18,11,15,6,0.4
1530,306,13,4,22,11,0.5
1531,307,25,14,11,0,0.1
1532,307,17,11,14,8,0.2
1533,307,19,10,15,6,0.3
1534,307,18,12,13,7,0.4
1535,307,4,16,9,21,0.5
1536,308,8,14,12,16,0.1
1537,308,15,10,16,9,0.2
1538,308,7,3,23,17,0.3
1539,308,7,14,12,17,0.4
1540,308,7,14,12,17,0.5
1541,309,1,5,21,23,0.1
1542,309,19,15,11,5,0.2
1543,309,7,12,14,17,0.3
1544,309,13,7,19,11,0.4
1545,309,18,13,13,6,0.5
1546,310,16,5,26,3,0.1
1547,310,17,20,11,2,0.2
1548,310,8,7,24,11,0.3
1549,310,11,5,26,8,0.4
1550,310,17,13,18,2,0.5
1551,311,17,10,5,18,0.1
1552,311,15,9,6,20,0.2
1553,311,20,3,12,15,0.3
1554,311,17,2,13,18,0.4
1555,311,23,9,6,12,0.5
1556,312,6,20,9,15,0.1
1557,312,7,2,27,14,0.2
1558,312,17,24,5,4,0.3
1559,312,10,7,22,11,0.4
1560,312,12,3,26,9,0.5
1561,313,11,12,17,10,0.1
1562,313,6,15,14,15,0.2
1563,313,14,19,10,7,0.3
1564,313,5,10,19,16,0.4
1565,313,10,19,10,11,0.5
1566,314,9,11,16,14,0.1
1567,314,6,3,24,17,0.2
1568,314,4,4,23,19,0.3
1569,314,14,6,21,9,0.4
1570,314,18,16,11,5,0.5
1571,315,16,18,8,8,0.1
1572,315,20,24,2,4,0.2
1573,315,17,9,17,7,0.3
1574,315,12,10,16,12,0.4
1575,315,10,4,22,14,0.5
1576,316,21,22,4,3,0.1
1577,316,3,9,17,21,0.2
1578,316,16,12,14,8,0.3
1579,316,6,5,21,18,0.4
1580,316,9,11,15,15,0.5
1581,317,17,7,16,10,0.1
1582,317,5,0,23,22,0.2
1583,317,8,11,12,19,0.3
1584,317,14,7,16,13,0.4
1585,317,11,6,17,16,0.5
1586,318,25,14,1,10,0.1
1587,318,6,5,10,29,0.2
1588,318,11,7,8,24,0.3
1589,318,25,7,8,10,0.4
1590,318,28,9,6,7,0.5
1591,319,9,21,6,14,0.1
1592,319,16,7,20,7,0.2
1593,319,18,12,15,5,0.3
1594,319,1,11,16,22,0.4
1595,319,17,8,19,6,0.5
1596,320,17,2,22,9,0.1
1597,320,11,10,14,15,0.2
1598,320,11,12,12,15,0.3
1599,320,23,14,10,3,0.4
1600,320,10,16,8,16,0.5
1601,321,12,14,15,9,0.1
1602,321,7,7,22,14,0.2
1603,321,9,8,21,12,0.3
1604,321,7,19,10,14,0.4
1605,321,18,17,12,3,0.5
1606,322,11,19,5,15,0.1
1607,322,9,15,9,17,0.2
1608,322,26,15,9,0,0.3
1609,322,12,18,6,14,0.4
1610,322,14,12,12,12,0.5
1611,323,12,8,14,16,0.1
1612,323,22,10,12,6,0.2
1613,323,22,9,13,6,0.3
1614,323,24,9,13,4,0.4
1615,323,4,3,19,24,0.5
1616,324,15,6,16,13,0.1
1617,324,19,16,6,9,0.2
1618,324,19,15,7,9,0.3
1619,324,17,7,15,11,0.4
1620,324,18,11,11,10,0.5
1621,325,10,6,20,14,0.1
1622,325,14,10,16,10,0.2
1623,325,14,7,19,10,0.3
1624,325,11,10,16,13,0.4
1625,325,6,8,18,18,0.5
1626,326,7,22,7,14,0.1
1627,326,17,16,13,4,0.2
1628,326,6,7,22,15,0.3
1629,326,7,22,7,14,0.4
1630,326,10,18,11,11,0.5
1631,327,11,8,23,8,0.1
1632,327,8,12,19,11,0.2
1633,327,13,12,19,6,0.3
1634,327,12,14,17,7,0.4
1635,327,8,12,19,11,0.5
1636,328,13,3,18,16,0.1
1637,328,11,8,13,18,0.2
1638,328,9,6,15,20,0.3
1639,328,15,11,10,14,0.4
1640,328,13,3,18,16,0.5
1641,329,9,4,19,18,0.1
1642,329,17,10,13,10,0.2
1643,329,17,19,4,10,0.3
1644,329,17,15,8,10,0.4
1645,329,16,13,10,11,0.5
1646,330,12,7,19,12,0.1
1647,330,14,10,16,10,0.2
1648,330,5,6,20,19,0.3
1649,330,16,11,15,8,0.4
1650,330,14,7,19,10,0.5
1651,331,7,4,19,20,0.1
1652,331,7,3,20,20,0.2
1653,331,20,18,5,7,0.3
1654,331,14,4,19,13,0.4
1655,331,17,18,5,10,0.5
1656,332,5,7,19,19,0.1
1657,332,14,16,10,10,0.2
1658,332,1,5,21,23,0.3
1659,332,14,13,13,10,0.4
1660,332,12,12,14,12,0.5
1661,333,4,8,21,17,0.1
1662,333,13,14,15,8,0.2
1663,333,5,3,26,16,0.3
1664,333,13,19,10,8,0.4
1665,333,12,14,15,9,0.5
1666,334,8,16,13,13,0.1
1667,334,7,19,10,14,0.2
1668,334,14,17,12,7,0.3
1669,334,16,12,17,5,0.4
1670,334,13,15,14,8,0.5
1671,335,15,13,10,12,0.1
1672,335,7,12,11,20,0.2
1673,335,17,13,10,10,0.3
1674,335,9,9,14,18,0.4
1675,335,14,9,14,13,0.5
1676,336,6,7,20,17,0.1
1677,336,13,15,12,10,0.2
1678,336,9,11,16,14,0.3
1679,336,18,17,10,5,0.4
1680,336,10,9,18,13,0.5
1681,337,19,9,16,6,0.1
1682,337,9,8,17,16,0.2
1683,337,19,24,1,6,0.3
1684,337,9,19,6,16,0.4
1685,337,4,16,9,21,0.5
1686,338,12,17,6,15,0.1
1687,338,10,6,17,17,0.2
1688,338,20,21,2,7,0.3
1689,338,12,5,18,15,0.4
1690,338,8,3,20,19,0.5
1691,339,10,8,15,17,0.1
1692,339,15,6,17,12,0.2
1693,339,16,16,7,11,0.3
1694,339,16,17,6,11,0.4
1695,339,5,10,13,22,0.5
1696,340,6,10,11,23,0.1
1697,340,22,10,11,7,0.2
1698,340,12,11,10,17,0.3
1699,340,12,8,13,17,0.4
1700,340,18,3,18,11,0.5
1701,341,11,8,19,12,0.1
1702,341,14,11,16,9,0.2
1703,341,18,7,20,5,0.3
1704,341,12,16,11,11,0.4
1705,341,11,3,24,12,0.5
1706,342,6,3,18,23,0.1
1707,342,16,17,4,13,0.2
1708,342,11,3,18,18,0.3
1709,342,9,2,19,20,0.4
1710,342,15,12,9,14,0.5
1711,343,1,9,18,22,0.1
1712,343,1,11,16,22,0.2
1713,343,12,9,18,11,0.3
1714,343,9,14,13,14,0.4
1715,343,20,4,23,3,0.5
1716,344,16,8,16,10,0.1
1717,344,10,2,22,16,0.2
1718,344,10,3,21,16,0.3
1719,344,18,24,0,8,0.4
1720,344,11,1,23,15,0.5
1721,345,7,16,15,12,0.1
1722,345,9,14,17,10,0.2
1723,345,12,11,20,7,0.3
1724,345,12,25,6,7,0.4
1725,345,14,20,11,5,0.5
1726,346,15,6,18,11,0.1
1727,346,18,10,14,8,0.2
1728,346,21,13,11,5,0.3
1729,346,21,12,12,5,0.4
1730,346,20,11,13,6,0.5
1731,347,4,17,19,10,0.1
1732,347,5,16,20,9,0.2
1733,347,1,10,26,13,0.3
1734,347,11,33,3,3,0.4
1735,347,2,13,23,12,0.5
1736,348,21,26,1,2,0.1
1737,348,15,14,13,8,0.2
1738,348,14,13,14,9,0.3
1739,348,15,15,12,8,0.4
1740,348,10,15,12,13,0.5
1741,349,2,7,13,28,0.1
1742,349,6,9,11,24,0.2
1743,349,12,13,7,18,0.3
1744,349,13,12,8,17,0.4
1745,349,19,14,6,11,0.5
1746,350,10,18,8,14,0.1
1747,350,8,4,22,16,0.2
1748,350,14,8,18,10,0.3
1749,350,7,8,18,17,0.4
1750,350,18,10,16,6,0.5
1751,351,12,8,20,10,0.1
1752,351,10,13,15,12,0.2
1753,351,8,10,18,14,0.3
1754,351,18,11,17,4,0.4
1755,351,11,11,17,11,0.5
1756,352,15,13,12,10,0.1
1757,352,3,10,15,22,0.2
1758,352,10,9,16,15,0.3
1759,352,19,13,12,6,0.4
1760,352,21,12,13,4,0.5
1761,353,8,9,19,14,0.1
1762,353,20,24,4,2,0.2
1763,353,10,9,19,12,0.3
1764,353,11,8,20,11,0.4
1765,353,13,10,18,9,0.5
1766,354,11,11,21,7,0.1
1767,354,6,14,18,12,0.2
1768,354,8,2,30,10,0.3
1769,354,6,21,11,12,0.4
1770,354,5,17,15,13,0.5
1771,355,8,14,9,19,0.1
1772,355,18,7,16,9,0.2
1773,355,15,9,14,12,0.3
1774,355,12,17,6,15,0.4
1775,355,20,7,16,7,0.5
1776,356,19,9,14,8,0.1
1777,356,13,4,19,14,0.2
1778,356,13,7,16,14,0.3
1779,356,14,8,15,13,0.4
1780,356,12,13,10,15,0.5
1781,357,6,2,18,24,0.1
1782,357,21,13,7,9,0.2
1783,357,27,13,7,3,0.3
1784,357,18,18,2,12,0.4
1785,357,10,6,14,20,0.5
1786,358,16,4,16,14,0.1
1787,358,11,14,6,19,0.2
1788,358,16,15,5,14,0.3
1789,358,19,11,9,11,0.4
1790,358,20,7,13,10,0.5
1791,359,14,15,12,9,0.1
1792,359,12,5,22,11,0.2
1793,359,12,4,23,11,0.3
1794,359,16,16,11,7,0.4
1795,359,16,17,10,7,0.5
1796,360,25,13,8,4,0.1
1797,360,11,4,17,18,0.2
1798,360,15,8,13,14,0.3
1799,360,5,6,15,24,0.4
1800,360,25,10,11,4,0.5
1801,361,7,15,7,21,0.1
1802,361,8,5,17,20,0.2
1803,361,12,4,18,16,0.3
1804,361,22,21,1,6,0.4
1805,361,21,8,14,7,0.5
1806,362,16,9,12,13,0.1
1807,362,15,13,8,14,0.2
1808,362,16,11,10,13,0.3
1809,362,16,16,5,13,0.4
1810,362,22,18,3,7,0.5
1811,363,9,17,5,19,0.1
1812,363,25,7,15,3,0.2
1813,363,21,5,17,7,0.3
1814,363,25,20,2,3,0.4
1815,363,21,7,15,7,0.5
1816,364,23,5,14,8,0.1
1817,364,14,5,14,17,0.2
1818,364,6,12,7,25,0.3
1819,364,12,10,9,19,0.4
1820,364,21,7,12,10,0.5
1821,365,5,6,24,15,0.1
1822,365,13,15,15,7,0.2
1823,365,13,9,21,7,0.3
1824,365,6,7,23,14,0.4
1825,365,8,2,28,12,0.5
1826,366,17,9,11,13,0.1
1827,366,10,10,10,20,0.2
1828,366,9,10,10,21,0.3
1829,366,17,6,14,13,0.4
1830,366,7,11,9,23,0.5
1831,367,4,9,18,19,0.1
1832,367,14,13,14,9,0.2
1833,367,11,10,17,12,0.3
1834,367,13,15,12,10,0.4
1835,367,9,8,19,14,0.5
1836,368,9,14,15,12,0.1
1837,368,17,25,4,4,0.2
1838,368,18,17,12,3,0.3
1839,368,11,22,7,10,0.4
1840,368,18,22,7,3,0.5
1841,369,7,0,22,21,0.1
1842,369,17,18,4,11,0.2
1843,369,13,11,11,15,0.3
1844,369,18,4,18,10,0.4
1845,369,17,5,17,11,0.5
1846,370,13,18,7,12,0.1
1847,370,9,2,23,16,0.2
1848,370,16,18,7,9,0.3
1849,370,13,7,18,12,0.4
1850,370,9,18,7,16,0.5
1851,371,12,20,10,8,0.1
1852,371,11,18,12,9,0.2
1853,371,9,9,21,11,0.3
1854,371,11,10,20,9,0.4
1855,371,12,8,22,8,0.5
1856,372,14,2,14,20,0.1
1857,372,28,12,4,6,0.2
1858,372,22,6,10,12,0.3
1859,372,27,10,6,7,0.4
1860,372,27,10,6,7,0.5
1861,373,10,13,16,11,0.1
1862,373,16,13,16,5,0.2
1863,373,7,15,14,14,0.3
1864,373,8,16,13,13,0.4
1865,373,7,18,11,14,0.5
1866,374,10,5,19,16,0.1
1867,374,11,9,15,15,0.2
1868,374,20,11,13,6,0.3
1869,374,21,13,11,5,0.4
1870,374,23,14,10,3,0.5
1871,375,0,0,27,23,0.1
1872,375,13,8,19,10,0.2
1873,375,10,10,17,13,0.3
1874,375,17,23,4,6,0.4
1875,375,22,22,5,1,0.5
1876,376,9,21,6,14,0.1
1877,376,9,7,20,14,0.2
1878,376,19,19,8,4,0.3
1879,376,13,8,19,10,0.4
1880,376,12,9,18,11,0.5
1881,377,18,14,10,8,0.1
1882,377,11,16,8,15,0.2
1883,377,15,9,15,11,0.3
1884,377,12,8,16,14,0.4
1885,377,13,11,13,13,0.5
1886,378,16,4,26,4,0.1
1887,378,15,19,11,5,0.2
1888,378,5,14,16,15,0.3
1889,378,19,17,13,1,0.4
1890,378,14,29,1,6,0.5
1891,379,12,4,21,13,0.1
1892,379,15,6,19,10,0.2
1893,379,4,5,20,21,0.3
1894,379,14,5,20,11,0.4
1895,379,11,3,22,14,0.5
1896,380,8,12,15,15,0.1
1897,380,20,24,3,3,0.2
1898,380,9,4,23,14,0.3
1899,380,5,13,14,18,0.4
1900,380,19,10,17,4,0.5
1901,381,12,11,12,15,0.1
1902,381,18,12,11,9,0.2
1903,381,9,11,12,18,0.3
1904,381,1,1,22,26,0.4
1905,381,18,10,13,9,0.5
1906,382,5,0,24,21,0.1
1907,382,19,9,15,7,0.2
1908,382,13,4,20,13,0.3
1909,382,17,9,15,9,0.4
1910,382,17,9,15,9,0.5
1911,383,10,3,16,21,0.1
1912,383,23,8,11,8,0.2
1913,383,15,16,3,16,0.3
1914,383,15,5,14,16,0.4
1915,383,15,5,14,16,0.5
1916,384,13,6,18,13,0.1
1917,384,15,18,6,11,0.2
1918,384,12,14,10,14,0.3
1919,384,21,19,5,5,0.4
1920,384,20,15,9,6,0.5
1921,385,12,7,19,12,0.1
1922,385,4,13,13,20,0.2
1923,385,17,14,12,7,0.3
1924,385,16,15,11,8,0.4
1925,385,14,14,12,10,0.5
1926,386,9,11,13,17,0.1
1927,386,19,9,15,7,0.2
1928,386,12,6,18,14,0.3
1929,386,22,13,11,4,0.4
1930,386,14,8,16,12,0.5
1931,387,15,14,12,9,0.1
1932,387,12,14,12,12,0.2
1933,387,14,12,14,10,0.3
1934,387,7,5,21,17,0.4
1935,387,18,15,11,6,0.5
1936,388,2,0,27,21,0.1
1937,388,21,16,11,2,0.2
1938,388,22,21,6,1,0.3
1939,388,9,21,6,14,0.4
1940,388,11,22,5,12,0.5
1941,389,17,5,19,9,0.1
1942,389,7,18,6,19,0.2
1943,389,15,4,20,11,0.3
1944,389,9,11,13,17,0.4
1945,389,11,22,2,15,0.5
1946,390,5,8,21,16,0.1
1947,390,3,12,17,18,0.2
1948,390,14,15,14,7,0.3
1949,390,12,9,20,9,0.4
1950,390,18,18,11,3,0.5
1951,391,19,12,12,7,0.1
1952,391,1,0,24,25,0.2
1953,391,11,11,13,15,0.3
1954,391,15,13,11,11,0.4
1955,391,23,14,10,3,0.5
1956,392,15,9,13,13,0.1
1957,392,12,7,15,16,0.2
1958,392,12,6,16,16,0.3
1959,392,11,6,16,17,0.4
1960,392,5,6,16,23,0.5
1961,393,3,9,22,16,0.1
1962,393,9,14,17,10,0.2
1963,393,1,5,26,18,0.3
1964,393,13,16,15,6,0.4
1965,393,12,13,18,7,0.5
1966,394,17,14,8,11,0.1
1967,394,12,7,15,16,0.2
1968,394,14,10,12,14,0.3
1969,394,11,2,20,17,0.4
1970,394,19,7,15,9,0.5
1971,395,13,11,14,12,0.1
1972,395,8,7,18,17,0.2
1973,395,15,13,12,10,0.3
1974,395,17,19,6,8,0.4
1975,395,16,19,6,9,0.5
1976,396,8,12,16,14,0.1
1977,396,3,6,22,19,0.2
1978,396,12,17,11,10,0.3
1979,396,5,13,15,17,0.4
1980,396,6,16,12,16,0.5
1981,397,4,15,13,18,0.1
1982,397,5,7,21,17,0.2
1983,397,5,17,11,17,0.3
1984,397,17,17,11,5,0.4
1985,397,2,0,28,20,0.5
1986,398,17,13,10,10,0.1
1987,398,12,11,12,15,0.2
1988,398,14,5,18,13,0.3
1989,398,17,10,13,10,0.4
1990,398,16,10,13,11,0.5
1991,399,5,2,26,17,0.1
1992,399,12,7,21,10,0.2
1993,399,15,18,10,7,0.3
1994,399,13,6,22,9,0.4
1995,399,11,5,23,11,0.5
1996,400,12,13,11,14,0.1
1997,400,18,9,15,8,0.2
1998,400,18,9,15,8,0.3
1999,400,3,10,14,23,0.4
2000,400,17,8,16,9,0.5
2001,401,30,17,3,0,0.1
2002,401,9,11,9,21,0.2
2003,401,21,11,9,9,0.3
2004,401,22,9,11,8,0.4
2005,401,26,12,8,4,0.5
2006,402,17,14,13,6,0.1
2007,402,13,7,20,10,0.2
2008,402,10,21,6,13,0.3
2009,402,15,7,20,8,0.4
2010,402,18,9,18,5,0.5
2011,403,8,4,19,19,0.1
2012,403,8,12,11,19,0.2
2013,403,15,11,12,12,0.3
2014,403,15,8,15,12,0.4
2015,403,11,14,9,16,0.5
2016,404,13,17,16,4,0.1
2017,404,15,20,13,2,0.2
2018,404,1,1,32,16,0.3
2019,404,11,18,15,6,0.4
2020,404,10,10,23,7,0.5
2021,405,14,17,5,14,0.1
2022,405,19,2,20,9,0.2
2023,405,17,18,4,11,0.3
2024,405,21,14,8,7,0.4
2025,405,19,9,13,9,0.5
2026,406,4,11,9,26,0.1
2027,406,7,6,14,23,0.2
2028,406,13,9,11,17,0.3
2029,406,25,13,7,5,0.4
2030,406,12,6,14,18,0.5
2031,407,10,16,7,17,0.1
2032,407,3,3,20,24,0.2
2033,407,8,4,19,19,0.3
2034,407,24,18,5,3,0.4
2035,407,21,6,17,6,0.5
2036,408,16,22,2,10,0.1
2037,408,12,18,6,14,0.2
2038,408,1,9,15,25,0.3
2039,408,11,6,18,15,0.4
2040,408,16,19,5,10,0.5
2041,409,22,9,11,8,0.1
2042,409,15,2,18,15,0.2
2043,409,4,9,11,26,0.3
2044,409,14,9,11,16,0.4
2045,409,6,10,10,24,0.5
2046,410,18,11,15,6,0.1
2047,410,7,5,21,17,0.2
2048,410,14,13,13,10,0.3
2049,410,14,18,8,10,0.4
2050,410,11,6,20,13,0.5
2051,411,0,0,26,24,0.1
2052,411,13,6,20,11,0.2
2053,411,8,11,15,16,0.3
2054,411,19,21,5,5,0.4
2055,411,14,10,16,10,0.5
2056,412,11,16,14,9,0.1
2057,412,9,18,12,11,0.2
2058,412,2,12,18,18,0.3
2059,412,8,15,15,12,0.4
2060,412,18,18,12,2,0.5
2061,413,10,2,21,17,0.1
2062,413,15,5,18,12,0.2
2063,413,5,12,11,22,0.3
2064,413,17,3,20,10,0.4
2065,413,8,12,11,19,0.5
2066,414,15,15,13,7,0.1
2067,414,14,12,16,8,0.2
2068,414,15,8,20,7,0.3
2069,414,14,22,6,8,0.4
2070,414,10,13,15,12,0.5
2071,415,12,8,12,18,0.1
2072,415,28,12,8,2,0.2
2073,415,6,13,7,24,0.3
2074,415,19,9,11,11,0.4
2075,415,25,14,6,5,0.5
2076,416,17,13,9,11,0.1
2077,416,14,12,10,14,0.2
2078,416,15,10,12,13,0.3
2079,416,16,11,11,12,0.4
2080,416,16,9,13,12,0.5
2081,417,17,16,14,3,0.1
2082,417,12,4,26,8,0.2
2083,417,10,5,25,10,0.3
2084,417,11,7,23,9,0.4
2085,417,7,4,26,13,0.5
2086,418,11,4,19,16,0.1
2087,418,2,1,22,25,0.2
2088,418,14,8,15,13,0.3
2089,418,6,14,9,21,0.4
2090,418,7,3,20,20,0.5
2091,419,9,17,4,20,0.1
2092,419,14,21,0,15,0.2
2093,419,8,2,19,21,0.3
2094,419,15,1,20,14,0.4
2095,419,15,9,12,14,0.5
2096,420,14,13,13,10,0.1
2097,420,14,8,18,10,0.2
2098,420,13,9,17,11,0.3
2099,420,13,5,21,11,0.4
2100,420,10,14,12,14,0.5
2101,421,9,21,6,14,0.1
2102,421,19,15,12,4,0.2
2103,421,14,9,18,9,0.3
2104,421,18,14,13,5,0.4
2105,421,23,27,0,0,0.5
2106,422,15,16,11,8,0.1
2107,422,18,7,20,5,0.2
2108,422,10,18,9,13,0.3
2109,422,15,3,24,8,0.4
2110,422,18,7,20,5,0.5
2111,423,15,5,18,12,0.1
2112,423,11,14,9,16,0.2
2113,423,19,8,15,8,0.3
2114,423,16,5,18,11,0.4
2115,423,15,9,14,12,0.5
2116,424,6,20,8,16,0.1
2117,424,2,12,16,20,0.2
2118,424,6,20,8,16,0.3
2119,424,21,16,12,1,0.4
2120,424,7,16,12,15,0.5
2121,425,8,2,19,21,0.1
2122,425,22,16,5,7,0.2
2123,425,28,16,5,1,0.3
2124,425,0,0,21,29,0.4
2125,425,25,11,10,4,0.5
2126,426,15,21,3,11,0.1
2127,426,4,18,6,22,0.2
2128,426,7,17,7,19,0.3
2129,426,7,19,5,19,0.4
2130,426,22,7,17,4,0.5
2131,427,12,19,7,12,0.1
2132,427,21,12,14,3,0.2
2133,427,16,8,18,8,0.3
2134,427,20,10,16,4,0.4
2135,427,15,17,9,9,0.5
2136,428,15,7,17,11,0.1
2137,428,21,15,9,5,0.2
2138,428,9,5,19,17,0.3
2139,428,20,20,4,6,0.4
2140,428,20,11,13,6,0.5
2141,429,10,14,11,15,0.1
2142,429,16,4,21,9,0.2
2143,429,21,15,10,4,0.3
2144,429,20,12,13,5,0.4
2145,429,15,4,21,10,0.5
2146,430,18,11,15,6,0.1
2147,430,17,9,17,7,0.2
2148,430,17,18,8,7,0.3
2149,430,8,4,22,16,0.4
2150,430,20,18,8,4,0.5
2151,431,11,26,2,11,0.1
2152,431,2,4,24,20,0.2
2153,431,16,21,7,6,0.3
2154,431,18,11,17,4,0.4
2155,431,17,11,17,5,0.5
2156,432,16,5,16,13,0.1
2157,432,5,5,16,24,0.2
2158,432,11,16,5,18,0.3
2159,432,10,10,11,19,0.4
2160,432,19,5,16,10,0.5
2161,433,5,5,24,16,0.1
2162,433,8,12,17,13,0.2
2163,433,13,14,15,8,0.3
2164,433,7,10,19,14,0.4
2165,433,17,25,4,4,0.5
2166,434,6,3,19,22,0.1
2167,434,20,8,14,8,0.2
2168,434,9,7,15,19,0.3
2169,434,17,7,15,11,0.4
2170,434,19,8,14,9,0.5
2171,435,11,12,15,12,0.1
2172,435,1,14,13,22,0.2
2173,435,2,10,17,21,0.3
2174,435,15,4,23,8,0.4
2175,435,22,18,9,1,0.5
2176,436,16,11,14,9,0.1
2177,436,16,13,12,9,0.2
2178,436,6,10,15,19,0.3
2179,436,6,7,18,19,0.4
2180,436,11,8,17,14,0.5
2181,437,14,8,18,10,0.1
2182,437,11,3,23,13,0.2
2183,437,11,11,15,13,0.3
2184,437,12,12,14,12,0.4
2185,437,11,8,18,13,0.5
2186,438,16,23,4,7,0.1
2187,438,20,16,11,3,0.2
2188,438,20,19,8,3,0.3
2189,438,14,11,16,9,0.4
2190,438,5,3,24,18,0.5
2191,439,11,14,7,18,0.1
2192,439,7,4,17,22,0.2
2193,439,20,10,11,9,0.3
2194,439,21,14,7,8,0.4
2195,439,15,7,14,14,0.5
2196,440,18,6,15,11,0.1
2197,440,19,14,7,10,0.2
2198,440,13,16,5,16,0.3
2199,440,17,13,8,12,0.4
2200,440,16,6,15,13,0.5
2201,441,7,2,20,21,0.1
2202,441,4,7,15,24,0.2
2203,441,24,15,7,4,0.3
2204,441,22,16,6,6,0.4
2205,441,20,11,11,8,0.5
2206,442,13,10,11,16,0.1
2207,442,18,10,11,11,0.2
2208,442,15,11,10,14,0.3
2209,442,16,10,11,13,0.4
2210,442,19,13,8,10,0.5
2211,443,8,23,7,12,0.1
2212,443,5,16,14,15,0.2
2213,443,4,17,13,16,0.3
2214,443,3,19,11,17,0.4
2215,443,7,16,14,13,0.5
2216,444,19,18,6,7,0.1
2217,444,7,3,21,19,0.2
2218,444,17,12,12,9,0.3
2219,444,13,16,8,13,0.4
2220,444,4,3,21,22,0.5
2221,445,15,4,23,8,0.1
2222,445,18,12,15,5,0.2
2223,445,16,12,15,7,0.3
2224,445,15,6,21,8,0.4
2225,445,15,7,20,8,0.5
2226,446,21,16,10,3,0.1
2227,446,8,11,15,16,0.2
2228,446,21,12,14,3,0.3
2229,446,22,14,12,2,0.4
2230,446,23,18,8,1,0.5
2231,447,2,10,18,20,0.1
2232,447,8,18,10,14,0.2
2233,447,8,5,23,14,0.3
2234,447,3,9,19,19,0.4
2235,447,12,9,19,10,0.5
2236,448,6,9,12,23,0.1
2237,448,16,5,16,13,0.2
2238,448,25,11,10,4,0.3
2239,448,15,5,16,14,0.4
2240,448,16,7,14,13,0.5
2241,449,15,8,18,9,0.1
2242,449,6,1,25,18,0.2
2243,449,16,10,16,8,0.3
2244,449,5,11,15,19,0.4
2245,449,19,15,11,5,0.5
2246,450,18,14,12,6,0.1
2247,450,3,20,6,21,0.2
2248,450,10,13,13,14,0.3
2249,450,11,17,9,13,0.4
2250,450,8,1,25,16,0.5
2251,451,19,8,13,10,0.1
2252,451,9,3,18,20,0.2
2253,451,23,7,14,6,0.3
2254,451,15,6,15,14,0.4
2255,451,14,6,15,15,0.5
2256,452,2,10,15,23,0.1
2257,452,22,14,11,3,0.2
2258,452,3,5,20,22,0.3
2259,452,19,13,12,6,0.4
2260,452,20,9,16,5,0.5
2261,453,11,2,27,10,0.1
2262,453,19,18,11,2,0.2
2263,453,13,13,16,8,0.3
2264,453,17,15,14,4,0.4
2265,453,9,25,4,12,0.5
2266,454,16,3,20,11,0.1
2267,454,12,17,6,15,0.2
2268,454,8,12,11,19,0.3
2269,454,23,20,3,4,0.4
2270,454,19,7,16,8,0.5
2271,455,2,9,21,18,0.1
2272,455,15,6,24,5,0.2
2273,455,15,7,23,5,0.3
2274,455,8,22,8,12,0.4
2275,455,3,17,13,17,0.5
2276,456,21,11,8,10,0.1
2277,456,1,7,12,30,0.2
2278,456,17,8,11,14,0.3
2279,456,25,10,9,6,0.4
2280,456,21,8,11,10,0.5
2281,457,0,0,23,27,0.1
2282,457,12,4,19,15,0.2
2283,457,12,15,8,15,0.3
2284,457,10,9,14,17,0.4
2285,457,17,5,18,10,0.5
2286,458,8,5,23,14,0.1
2287,458,11,18,10,11,0.2
2288,458,8,7,21,14,0.3
2289,458,11,9,19,11,0.4
2290,458,12,14,14,10,0.5
2291,459,3,6,20,21,0.1
2292,459,19,8,18,5,0.2
2293,459,8,6,20,16,0.3
2294,459,14,6,20,10,0.4
2295,459,17,8,18,7,0.5
2296,460,4,18,9,19,0.1
2297,460,9,13,14,14,0.2
2298,460,13,12,15,10,0.3
2299,460,21,17,10,2,0.4
2300,460,13,4,23,10,0.5
2301,461,9,17,6,18,0.1
2302,461,17,6,17,10,0.2
2303,461,4,8,15,23,0.3
2304,461,12,13,10,15,0.4
2305,461,5,11,12,22,0.5
2306,462,14,12,11,13,0.1
2307,462,18,3,20,9,0.2
2308,462,17,1,22,10,0.3
2309,462,13,0,23,14,0.4
2310,462,18,12,11,9,0.5
2311,463,3,10,14,23,0.1
2312,463,18,9,15,8,0.2
2313,463,12,17,7,14,0.3
2314,463,17,10,14,9,0.4
2315,463,6,12,12,20,0.5
2316,464,11,15,9,15,0.1
2317,464,13,6,18,13,0.2
2318,464,15,21,3,11,0.3
2319,464,15,9,15,11,0.4
2320,464,15,18,6,11,0.5
2321,465,16,3,22,9,0.1
2322,465,20,8,17,5,0.2
2323,465,7,17,8,18,0.3
2324,465,19,11,14,6,0.4
2325,465,19,10,15,6,0.5
2326,466,13,8,14,15,0.1
2327,466,10,15,7,18,0.2
2328,466,9,12,10,19,0.3
2329,466,9,5,17,19,0.4
2330,466,10,8,14,18,0.5
2331,467,10,13,16,11,0.1
2332,467,7,5,24,14,0.2
2333,467,12,5,24,9,0.3
2334,467,16,12,17,5,0.4
2335,467,5,20,9,16,0.5
2336,468,16,4,21,9,0.1
2337,468,11,2,23,14,0.2
2338,468,2,10,15,23,0.3
2339,468,15,18,7,10,0.4
2340,468,25,21,4,0,0.5
2341,469,12,14,11,13,0.1
2342,469,6,9,16,19,0.2
2343,469,17,14,11,8,0.3
2344,469,19,14,11,6,0.4
2345,469,6,5,20,19,0.5
2346,470,6,6,23,15,0.1
2347,470,9,11,18,12,0.2
2348,470,6,8,21,15,0.3
2349,470,6,8,21,15,0.4
2350,470,12,3,26,9,0.5
2351,471,14,11,15,10,0.1
2352,471,10,11,15,14,0.2
2353,471,4,11,15,20,0.3
2354,471,20,17,9,4,0.4
2355,471,16,13,13,8,0.5
2356,472,6,4,15,25,0.1
2357,472,7,7,12,24,0.2
2358,472,9,3,16,22,0.3
2359,472,14,6,13,17,0.4
2360,472,17,8,11,14,0.5
2361,473,18,13,13,6,0.1
2362,473,8,12,14,16,0.2
2363,473,18,11,15,6,0.3
2364,473,12,7,19,12,0.4
2365,473,7,5,21,17,0.5
2366,474,18,12,11,9,0.1
2367,474,1,0,23,26,0.2
2368,474,10,11,12,17,0.3
2369,474,19,12,11,8,0.4
2370,474,20,8,15,7,0.5
2371,475,22,5,17,6,0.1
2372,475,21,7,15,7,0.2
2373,475,21,6,16,7,0.3
2374,475,8,6,16,20,0.4
2375,475,15,3,19,13,0.5
2376,476,12,12,10,16,0.1
2377,476,7,3,19,21,0.2
2378,476,15,9,13,13,0.3
2379,476,15,5,17,13,0.4
2380,476,20,21,1,8,0.5
2381,477,16,7,15,12,0.1
2382,477,19,11,11,9,0.2
2383,477,11,4,18,17,0.3
2384,477,16,6,16,12,0.4
2385,477,17,8,14,11,0.5
2386,478,15,3,15,17,0.1
2387,478,18,12,6,14,0.2
2388,478,23,8,10,9,0.3
2389,478,11,3,15,21,0.4
2390,478,11,6,12,21,0.5
2391,479,22,23,4,1,0.1
2392,479,3,3,24,20,0.2
2393,479,13,10,17,10,0.3
2394,479,16,7,20,7,0.4
2395,479,22,20,7,1,0.5
2396,480,14,8,19,9,0.1
2397,480,11,21,6,12,0.2
2398,480,18,13,14,5,0.3
2399,480,12,7,20,11,0.4
2400,480,7,16,11,16,0.5
2401,481,6,3,28,13,0.1
2402,481,8,6,25,11,0.2
2403,481,11,7,24,8,0.3
2404,481,11,7,24,8,0.4
2405,481,12,21,10,7,0.5
2406,482,15,11,17,7,0.1
2407,482,13,10,18,9,0.2
2408,482,3,6,22,19,0.3
2409,482,9,9,19,13,0.4
2410,482,9,5,23,13,0.5
2411,483,13,10,17,10,0.1
2412,483,16,6,21,7,0.2
2413,483,15,6,21,8,0.3
2414,483,18,9,18,5,0.4
2415,483,18,9,18,5,0.5
2416,484,21,1,15,13,0.1
2417,484,2,6,10,32,0.2
2418,484,25,3,13,9,0.3
2419,484,24,5,11,10,0.4
2420,484,22,1,15,12,0.5
2421,485,16,10,16,8,0.1
2422,485,24,26,0,0,0.2
2423,485,11,6,20,13,0.3
2424,485,20,20,6,4,0.4
2425,485,18,23,3,6,0.5
2426,486,14,6,15,15,0.1
2427,486,16,6,15,13,0.2
2428,486,10,4,17,19,0.3
2429,486,18,6,15,11,0.4
2430,486,12,13,8,17,0.5
2431,487,26,12,5,7,0.1
2432,487,28,11,6,5,0.2
2433,487,28,8,9,5,0.3
2434,487,19,5,12,14,0.4
2435,487,18,7,10,15,0.5
2436,488,10,10,16,14,0.1
2437,488,7,18,8,17,0.2
2438,488,9,20,6,15,0.3
2439,488,14,5,21,10,0.4
2440,488,12,4,22,12,0.5
2441,489,15,9,13,13,0.1
2442,489,24,10,12,4,0.2
2443,489,16,15,7,12,0.3
2444,489,11,12,10,17,0.4
2445,489,12,13,9,16,0.5
2446,490,18,16,10,6,0.1
2447,490,21,17,9,3,0.2
2448,490,5,12,14,19,0.3
2449,490,22,17,9,2,0.4
2450,490,11,7,19,13,0.5
2451,491,22,9,12,7,0.1
2452,491,5,8,13,24,0.2
2453,491,10,3,18,19,0.3
2454,491,9,1,20,20,0.4
2455,491,9,2,19,20,0.5
2456,492,11,4,20,15,0.1
2457,492,18,12,12,8,0.2
2458,492,6,2,22,20,0.3
2459,492,8,2,22,18,0.4
2460,492,7,16,8,19,0.5
2461,493,13,19,5,13,0.1
2462,493,9,10,14,17,0.2
2463,493,6,11,13,20,0.3
2464,493,9,8,16,17,0.4
2465,493,14,14,10,12,0.5
2466,494,20,1,21,8,0.1
2467,494,16,1,21,12,0.2
2468,494,20,10,12,8,0.3
2469,494,21,5,17,7,0.4
2470,494,17,17,5,11,0.5
2471,495,10,13,15,12,0.1
2472,495,13,16,12,9,0.2
2473,495,12,6,22,10,0.3
2474,495,5,9,19,17,0.4
2475,495,14,11,17,8,0.5
2476,496,13,4,17,16,0.1
2477,496,20,7,14,9,0.2
2478,496,23,11,10,6,0.3
2479,496,3,7,14,26,0.4
2480,496,21,11,10,8,0.5
2481,497,12,6,23,9,0.1
2482,497,6,23,6,15,0.2
2483,497,13,20,9,8,0.3
2484,497,14,10,19,7,0.4
2485,497,10,2,27,11,0.5
2486,498,0,5,20,25,0.1
2487,498,20,19,6,5,0.2
2488,498,22,21,4,3,0.3
2489,498,6,6,19,19,0.4
2490,498,11,12,13,14,0.5
2491,499,13,3,20,14,0.1
2492,499,3,5,18,24,0.2
2493,499,1,0,23,26,0.3
2494,499,15,16,7,12,0.4
2495,499,16,5,18,11,0.5
2496,500,10,3,19,18,0.1
2497,500,26,19,3,2,0.2
2498,500,15,8,14,13,0.3
2499,500,20,8,14,8,0.4
2500,500,24,17,5,4,0.5
